link,name,cat
http://www.cio.com/topic/3089/Security,CIO,PR8
http://ddosattackprotection.org/blog/cyber-security-blogs/techrepublic/,TechRepublic – Security,PR8
http://www.us-cert.gov/,US Cert,PR8
http://www.wired.com/threatlevel/,Wired’s Threat Level,PR8
http://www.zdnet.com/blog/security/,Zero Day from ZDNet,PR8
http://www.cerias.purdue.edu/site/blog/author/spaf,CERIAS Security Blog,PR7
http://www.csoonline.com/,CSO Online,PR7
http://www.darkreading.com/,Dark Reading,PR7
http://googleonlinesecurity.blogspot.com/,Google Online Security Blog,PR7
http://redtape.msnbc.msn.com/,Red Tape Chronicles,PR7
http://www.informationweek.com/security/,InformationWeek Security,PR7
http://isc.sans.org/,Internet Storm Center,PR7
http://www.schneier.com/blog/,Schneier On Security,PR7
http://ddosattackprotection.org/blog/cyber-security-blogs/securelist/,Securelist Cyber Security Blog,PR7
http://www.symantec.com/business/security_response/weblog/,Symantec Weblog,PR7
http://ddosattackprotection.org/blog/cyber-security-blogs/guardian-information-security-hub/,The Guardian’s Information Security Hub,PR7
http://www.zonealarm.com/blog/,Zone Alarm Cyber Security Blog,PR7
http://bhconsulting.ie/securitywatch/,BH Consulting’s Security Watch Blog,PR6
http://contagiodump.blogspot.com/,Contagio Malware Dump,PR6
http://garwarner.blogspot.com/,Cyber Crime & Doing Time,PR6
http://ddosattackprotection.org/blog/cyber-security-blogs/david-laceys-it-security-blog/,David Lacey’s IT Security Blog,PR6
http://www.secureworks.com/resources/blog/,Dell SecureWorks,PR6
http://safeandsavvy.f-secure.com/,F-Secure Safe & Savvy Blog,PR6
http://blog.fox-it.com/,Fox IT Security Blog,PR6
http://blog.fortinet.com/,Fortinet Blog,PR6
http://www.net-security.org/,Help Net Security,PR6
http://www.infosecurity-magazine.com/,Infosecurity Magazine,PR6
http://krebsonsecurity.com/,Krebs On Security,PR6
http://blog.malwarebytes.org/,Malwarebytes,PR6
http://blogs.mcafee.com/,McAfee Security Blog,PR6
http://blogs.technet.com/mmpc/default.aspx,Microsoft Malware Protection Center,PR6
http://nakedsecurity.sophos.com/,Naked Security,PR6
http://www.networkcomputing.com/,Network Computing,PR6
http://software-security.sans.org/blog,SANS Institute AppSec Blog,PR6
http://www.scmagazine.com/,SC Magazine,PR6
http://searchsecurity.techtarget.com/,Search Security,PR6
http://www.securingthehuman.org/blog/,Securing The Human,PR6
http://securitywatch.pcmag.com/,Security Watch,PR6
http://blog.stopbadware.org/,Stop Badware Blog,PR6
http://blog.sucuri.net/,Sucuri Blog,PR6
http://taosecurity.blogspot.com/,TaoSecurity,PR6
http://www.techworld.com/security/,Techworld Security,PR6
http://www.honeynet.org/,The Honeynet Project,PR6
http://threatpost.com/,Threatpost,PR6
http://www.threattracksecurity.com/it-blog/,Threat Track Security,PR6
http://blog.trendmicro.com/,Trend Micro Simply Security,PR6
http://www.veracode.com/blog/,Veracode Blog,PR6
http://blog.unmaskparasites.com/,Unmask Parasites Blog,PR6
http://ddosattackprotection.org/blog/cyber-security-blogs/we-live-security/,We Live Security,PR6
http://xylibox.blogspot.com/,Xylibox Security Blog,PR6
http://www.bankinfosecurity.com/,BankInfoSecurity,PR5
https://blog.cyveillance.com/,Cyveillance Blog,PR5
http://www.forbes.com/sites/firewall/,Forbe’s Firewall,PR5
http://www.govinfosecurity.com/,GovInfoSecurity,PR5
http://grahamcluley.com/,Graham Cluley’s Security Blog,PR5
https://www.grc.com/SecurityNow.htm,GRC’s Security Now Podcast,PR5
http://www.hotforsecurity.com/,HotforSecurity,PR5
http://blog.imperva.com/,Imperva Blog,PR5
http://itknowledgeexchange.techtarget.com/security-bytes/,IT Knowledge Exchange – Security Bytes,PR5
http://www.itproportal.com/,ItProPortal.com,PR5
http://blog.zeltser.com/,Lenny Zeltser On Information Security,PR5
http://www.mckeay.net/,Network Security Blog with Martin McKeay,PR5
http://pandalabs.pandasecurity.com/,PandaLabs Cyber Security Blog,PR5
http://pauldotcom.com/,PaulDotCom,PR5
http://www.huntonprivacyblog.com/,Privacy & Information Security Law Blog,PR5
http://www.rationalsurvivability.com/blog/,Rational Survivability,PR5
http://risky.biz/,Risky Business,PR5
http://rdist.root.org/,Root Labs RDIST,PR5
http://www.seculert.com/blog/,Seculert Blog,PR5
https://community.rapid7.com/community/infosec/blog,Security Street by Rapid7,PR5
http://securosis.com/blog/,Securosis Blog,PR5
https://www.silversky.com/blog/,SilverSky Altitude Blog,PR5
http://blog.spiderlabs.com/,SpiberLabs Security Blog,PR5
http://www.social-engineer.org/,Social-Engineering.org,PR5
http://securityskeptic.typepad.com/,The Security Skeptic,PR5
http://www.thoughtcrime.org/blog/,Thought Crime Cyber Security Blog,PR5
http://www.troyhunt.com/,Troy Hunt’s Blog,PR5
http://1raindrop.typepad.com/,1 Raindrop,PR4
http://www.andrewhay.ca/,Andrew Hay’s Cyber Security Blog,PR4
http://carnal0wnage.attackresearch.com/,Carnal Ownage,PR4
http://blog.commandlinekungfu.com/,Command Line Kung Fu,PR4
http://ddanchev.blogspot.com/,Dancho Danchev’s Blog,PR4
http://www.darknet.org.uk/,Darknet,PR4
http://blog.erratasec.com/,Errata Security,PR4
http://www.exoticliability.com/,Exotic Liability,PR4
http://www.hacksurfer.com/,Hack Surfer,PR4
http://resources.infosecinstitute.com/,InfoSec Institute Resources,PR4
http://www.j4vv4d.com/,J4vv4D Security Blog,PR4
http://www.liquidmatrix.org/blog/,Liquid Matrix,PR4
http://ddosattackprotection.org/blog/cyber-security-blogs/malcovery-security/,Malcovery Security Blog,PR4
http://malware.dontneedcoffee.com/,Malware Don’t Need Coffee,PR4
http://www.mcgrewsecurity.com/,McGrew Security Blog,PR4
http://netsecpodcast.com/,Network Security Podcast,PR4
http://newschoolsecurity.com/,New School Security,PR4
https://www.novainfosec.com/,NoVA Infosec,PR4
http://packetpushers.net/,Packet Pushers Podcast,PR4
http://securityaffairs.co/wordpress/,Security Affairs,PR4
http://www.securitybistro.com/,Security Bistro,PR4
http://www.securitygeeks.net/,Security Geeks,PR4
http://securitymusings.com/,Security Musings,PR4
http://securityuncorked.com/,Security Uncorked,PR4
http://siri-urz.blogspot.com/,S!Ri.URZ,PR4
http://www.stillsecureafteralltheseyears.com/,The AShimmy Blog,PR4
http://www.secureconsulting.net/,The Falcon’s View,PR4
http://theharmonyguy.com/blog/,The Harmony Guy,PR4
http://www.southernfriedsecurity.com/,The Southern Fried Security Podcast,PR4
http://blog.uncommonsensesecurity.com/,Uncommon Sense Security,PR4
http://www.csoandy.com/,Andy Ellis — Protecting A Better Internet,PR3
http://dhs-daily-report.blogspot.com/,DHS Daily Report,PR3
http://blog.itsecurityexpert.co.uk/,IT Security Expert by Dave Whitelegg,PR3
http://www.itspecialist.com/Home/tabid/674/Default.aspx,IT Specialist,PR3
http://michaelpeters.org/,MichaelPeters.org,PR3
http://blog.rivalhost.com/,Rivalhost Security Blog,PR3
http://rud.is/b/,Rud.is Security Blog,PR3
http://nagareshwar.securityxploded.com/,Security Xploded Blog,PR3
http://thomlangford.com/,Thom Langford’s Personal Security Blog,PR3
http://www.wmarkbrooks.com/,W. Mark Brooks IT Security Blog,PR3
http://www.ehacking.net/,Ethical Hacking,PR2
http://www.itscolumn.com/,IT Security Column,PR2
http://kevtownsend.wordpress.com/,Kevin Townsend’s Cyber Security Blog,PR2
http://psilvas.wordpress.com/,Psilva’s Prophecies,PR2
http://ddosattackprotection.org/blog/cyber-security-blogs/websense-security-labs/,Websense Security Labs,PR2
http://ddosattackprotection.org/blog/,DDoS Protection & Cyber Security Blog,PR1
http://dwaterson.com/,Dave Waterson on Security,PR1
http://blog.wh1t3rabbit.net/,Following The Wh1t3 Rabbit,PR1
http://blog.fireeye.com/research/,FireEye Blog,PR0
http://ddosattackprotection.org/blog/cyber-security-blogs/how-they-hack/,How They Hack,PR0
http://technology.info/,Technology.info,PR0
